decada,rating,run_time_minute
1920,8.200000000000001,99.4
1930,8.257142857142856,121.0
1940,8.266666666666667,118.25
1950,8.291304347826086,123.91304347826087
1960,8.316666666666666,141.11111111111111
1970,8.342105263157896,137.0
1980,8.281481481481482,133.24
1990,8.395238095238096,126.64285714285714
2000,8.302083333333334,130.19148936170214
2010,8.258139534883721,130.29268292682926
2020,8.379999999999999,139.8
